{
    "tmp": {
        "transform_matrix": {
            "m00": -0.0003116127623511656,
            "m01": 3.3182944210909917e-06,
            "m02": 0.2564989748768385,
            "m10": -3.3182944210909917e-06,
            "m11": -0.0003116127623511656,
            "m12": 0.19834612463999512,
            "m20": 0.0,
            "m21": 0.0,
            "m22": 1.0
        },
        "home_position": [
            -0.9342976114004347,
            -0.018500189292636054,
            1.227404717458813,
            -1.3431015925508583,
            -0.8648863413836031,
            0.763320713295502
        ],
        "calib_depth": 318.625,
        "calibration_z_axis": [
            -0.005435744775671831,
            0.0013448538501326709,
            0.9999843219005263
        ],
        "is_angle_calibrated": true
    },
    "screw_sleeve": {
        "transform_matrix": {
            "m00": -0.000384074668634108,
            "m01": -1.0844461232021871e-05,
            "m02": 0.2926688141429849,
            "m10": 1.0844461232021871e-05,
            "m11": -0.000384074668634108,
            "m12": 0.1362260780698836,
            "m20": 0.0,
            "m21": 0.0,
            "m22": 1.0
        },
        "home_position": [
            -0.7965042243655771,
            0.5151903841963681,
            0.7210997223903448,
            -1.4159945561047913,
            -0.8493244548797227,
            0.8145167030479964
        ],
        "calib_depth": 378.40816326530614,
        "calibration_z_axis": [
            0.01043585217752013,
            -0.010273870900231215,
            0.9998927645333046
        ],
        "is_angle_calibrated": true
    },
    "null": {
        "transform_matrix": {
            "m00": 1.0,
            "m01": 0.0,
            "m02": 0.0,
            "m10": 0.0,
            "m11": 1.0,
            "m12": 0.0,
            "m20": 0.0,
            "m21": 0.0,
            "m22": 1.0
        },
        "home_position": [
            0.0,
            0.0,
            0.0,
            0.0,
            0.0,
            0.0
        ],
        "calib_depth": 0.0,
        "calibration_z_axis": [
            0.0,
            0.0,
            1.0
        ],
        "is_angle_calibrated": true
    },
    "nail_bumping": {
        "transform_matrix": {
            "m00": 0.00022403371287270954,
            "m01": -3.1000403348567235e-05,
            "m02": -0.18736330142809227,
            "m10": 3.1000403348567235e-05,
            "m11": 0.00022403371287270954,
            "m12": -0.08928604676296066,
            "m20": 0.0,
            "m21": 0.0,
            "m22": 1.0
        },
        "home_position": [
            -1.1307055421385208,
            -0.3891007438287981,
            0.23270359189075301,
            -1.4376871782246168,
            -0.7963268603088538,
            0.8385767690755117
        ],
        "calib_depth": 321.6041666666667,
        "calibration_z_axis": [
            0.015434322505032447,
            -0.0029137529571598023,
            0.9998766382571979
        ],
        "is_angle_calibrated": true
    }
}