{
    "screw_sleeve": {
        "transform_matrix": {
            "m00": -0.00016597064912869184,
            "m01": 0.00012902121509744373,
            "m02": 0.02660790140149183,
            "m10": -0.00012902121509744373,
            "m11": -0.00016597064912869184,
            "m12": 0.3671473295087577,
            "m20": 0.0,
            "m21": 0.0,
            "m22": 1.0
        },
        "home_position": [
            1.3991790000000002,
            -0.062,
            0.965622,
            3.141557747004753,
            -0.00019198621771937625,
            0.6038490146049981
        ],
        "calib_depth": 391.63825757575756,
        "calibration_z_axis": [
            -0.016302566649280353,
            -0.023551500742124865,
            0.9995896923905525
        ],
        "is_angle_calibrated": true
    },
    "nail_bumping": {
        "transform_matrix": {
            "m00": 1.936111523441043e-05,
            "m01": -0.00014668741249854511,
            "m02": 0.09806437768377857,
            "m10": 0.00014668741249854511,
            "m11": 1.936111523441043e-05,
            "m12": -0.2556346983649311,
            "m20": 0.0,
            "m21": 0.0,
            "m22": 1.0
        },
        "home_position": [
            -0.096374,
            -0.7469450000000001,
            0.32373599999999997,
            -1.5796451461025078,
            -0.0032637657012293962,
            -3.140091670433078
        ],
        "calib_depth": 385.2448979591837,
        "calibration_z_axis": [
            0.004556084651369514,
            0.014975568402727785,
            0.9998774797162224
        ],
        "is_angle_calibrated": true
    },
    "null": {
        "transform_matrix": {
            "m00": 1.2832218700267855e-05,
            "m01": -0.0001477354432558083,
            "m02": 0.1074290727873209,
            "m10": 0.0001477354432558083,
            "m11": 1.2832218700267855e-05,
            "m12": -0.2456797929402848,
            "m20": 0.0,
            "m21": 0.0,
            "m22": 1.0
        },
        "home_position": [
            -0.255154,
            -0.747673,
            0.296949,
            -1.5742171721288056,
            -0.0003316125578789226,
            -3.1360250532759313
        ],
        "calib_depth": 0.0,
        "calibration_z_axis": [
            0.0,
            0.0,
            1.0
        ],
        "is_angle_calibrated": false
    },
    "2": {
        "transform_matrix": {
            "m00": -7.81452629108352e-05,
            "m01": -1.0673654747118784e-05,
            "m02": 0.14499818061979056,
            "m10": 1.0673654747118784e-05,
            "m11": -7.81452629108352e-05,
            "m12": 0.024998122517784965,
            "m20": 0.0,
            "m21": 0.0,
            "m22": 1.0
        },
        "home_position": [
            -0.5395449999999999,
            -0.793321,
            0.33111799999999997,
            -1.5792262670820292,
            -0.0002617993877991494,
            -3.1357632538881317
        ],
        "calib_depth": 0.0,
        "calibration_z_axis": [
            0.0,
            0.0,
            1.0
        ],
        "is_angle_calibrated": false
    }
}