{
    "nail_bumping": {
        "transform_matrix": {
            "m00": -5.717911363064125e-06,
            "m01": 0.0003849310488530155,
            "m02": -0.1904929432932806,
            "m10": -0.0003849310488530155,
            "m11": -5.717911363064125e-06,
            "m12": 0.2991724723142518,
            "m20": 0.0,
            "m21": 0.0,
            "m22": 1.0
        },
        "home_position": [
            -0.05,
            -0.463,
            0.654,
            3.142,
            -0.0,
            -3.142
        ],
        "calib_depth": 364.13,
        "calibration_z_axis": [
            -0.008,
            0.003,
            1.0
        ],
        "is_angle_calibrated": true
    },
    "screw_sleeve": {
        "transform_matrix": {
            "m00": -0.0010309179740017368,
            "m01": 3.188406105160132e-06,
            "m02": 0.06993839999404831,
            "m10": -3.188406105160132e-06,
            "m11": -0.0010309179740017368,
            "m12": -0.09008266474228645,
            "m20": 0.0,
            "m21": 0.0,
            "m22": 1.0
        },
        "home_position": [
            -0.762,
            0.539,
            0.559,
            -0.014,
            2.191,
            2.242
        ],
        "calib_depth": 247.63,
        "calibration_z_axis": [
            -0.0,
            -0.025,
            1.0
        ],
        "is_angle_calibrated": true
    }
}